{"cameraMode":{"drawMode":0,"name":"Shaded","section":"Shading Mode"},"sceneLighting":true,"audioPlay":false,"sceneViewState":{"m_AlwaysRefresh":false,"showFog":true,"showSkybox":true,"showFlares":true,"showImageEffects":true,"showParticleSystems":true,"showVisualEffectGraphs":true,"m_FxEnabled":true},"in2DMode":false,"pivot":{"x":33.062110900878909,"y":17.03829574584961,"z":15.076761245727539},"rotation":{"x":0.13904380798339845,"y":-0.14383019506931306,"z":0.020412957295775415,"w":0.9795803427696228},"size":17.721960067749025,"orthographic":false}