{"cameraMode":{"drawMode":0,"name":"Shaded","section":"Shading Mode"},"sceneLighting":true,"audioPlay":false,"sceneViewState":{"m_AlwaysRefresh":false,"showFog":true,"showSkybox":true,"showFlares":true,"showImageEffects":true,"showParticleSystems":true,"showVisualEffectGraphs":true,"m_FxEnabled":true},"in2DMode":false,"pivot":{"x":34.35723876953125,"y":10.074653625488282,"z":59.89348220825195},"rotation":{"x":-0.19525493681430818,"y":0.15027953684329987,"z":-0.03029276803135872,"w":-0.9687051177024841},"size":60.648948669433597,"orthographic":false}